{
  "nodes": [
    {
      "type": "lambda",
      "index": 0,
      "weight": 2,
      "x": 227.60058913284976,
      "y": 89.61398628385582,
      "px": 227.59850374123437,
      "py": 89.61398628385582,
      "isCircle": true,
      "rectX": -20,
      "rectWidth": 40,
      "rightX": 227.60058913284976,
      "leftX": 227.60058913284976,
      "fixed": true
    },
    {
      "type": "property",
      "name": "xAxisG",
      "index": 1,
      "weight": 1,
      "x": 91.29181065456402,
      "y": 95.07556067869685,
      "px": 91.37362851466791,
      "py": 94.85912182185108,
      "isCircle": false,
      "rectX": -59.77777862548828,
      "rectWidth": 119.55555725097656,
      "textLength": 99.55555725097656,
      "leftX": 51.514032029075736,
      "rightX": 131.0695892800523,
      "fixed": true
    },
    {
      "type": "property",
      "name": "xAxisLabel",
      "index": 2,
      "weight": 1,
      "x": 364.6486952806308,
      "y": 93.66627632804935,
      "px": 364.41875904686617,
      "py": 93.44401238924678,
      "isCircle": false,
      "rectX": -84.66666412353516,
      "rectWidth": 169.3333282470703,
      "textLength": 149.3333282470703,
      "leftX": 299.98203115709566,
      "rightX": 429.315359404166,
      "fixed": true
    }
  ],
  "links": [
    {
      "source": 1,
      "target": 0
    },
    {
      "source": 0,
      "target": 2
    }
  ]
}