{
  "nodes": [
    {
      "type": "lambda",
      "index": 0,
      "weight": 2,
      "x": 296.1277300949122,
      "y": 72.04377147362914,
      "px": 296.8384260214726,
      "py": 71.54730159707238,
      "isCircle": true,
      "rectX": -20,
      "rectWidth": 40,
      "rightX": 296.1277300949122,
      "leftX": 296.1277300949122
    },
    {
      "type": "property",
      "name": "xAxisG",
      "index": 1,
      "weight": 1,
      "x": 167.99254654558317,
      "y": 84.91454690057644,
      "px": 168.8358235060703,
      "py": 84.79733840124642,
      "isCircle": false,
      "rectX": -59.77777862548828,
      "rectWidth": 119.55555725097656,
      "textLength": 99.55555725097656,
      "leftX": 128.21476792009489,
      "rightX": 207.77032517107145
    },
    {
      "type": "property",
      "name": "xAxisLabel",
      "index": 2,
      "weight": 1,
      "x": 428.59821072127477,
      "y": 171.8565169160931,
      "px": 428.7161213677623,
      "py": 173.0636040971933,
      "isCircle": false,
      "rectX": -84.66666412353516,
      "rectWidth": 169.3333282470703,
      "textLength": 149.3333282470703,
      "leftX": 363.9315465977396,
      "rightX": 493.2648748448099
    }
  ],
  "links": [
    {
      "source": 1,
      "target": 0
    },
    {
      "source": 0,
      "target": 2
    }
  ]
}