{
  "nodes": [
    {
      "type": "lambda",
      "index": 0,
      "weight": 2,
      "x": 220.5282685913642,
      "y": 112.35290133443198,
      "px": 220.5282685913642,
      "py": 112.35290133443198,
      "isCircle": true,
      "rectX": -20,
      "rectWidth": 40,
      "rightX": 220.5282685913642,
      "leftX": 220.5282685913642,
      "fixed": true
    },
    {
      "type": "property",
      "name": "xAxisG",
      "index": 1,
      "weight": 1,
      "x": 83.9770522609384,
      "y": 109.61890747805747,
      "px": 83.9770522609384,
      "py": 109.61890747805747,
      "isCircle": false,
      "rectX": -59.77777862548828,
      "rectWidth": 119.55555725097656,
      "textLength": 99.55555725097656,
      "leftX": 44.19927363545011,
      "rightX": 123.75483088642667,
      "fixed": true
    },
    {
      "type": "property",
      "name": "xAxisLabel",
      "index": 2,
      "weight": 1,
      "x": 357.2402931411057,
      "y": 107.27472674287155,
      "px": 357.2402931411057,
      "py": 107.27472674287155,
      "isCircle": false,
      "rectX": -84.66666412353516,
      "rectWidth": 169.3333282470703,
      "textLength": 149.3333282470703,
      "leftX": 292.57362901757057,
      "rightX": 421.9069572646409,
      "fixed": true
    }
  ],
  "links": [
    {
      "source": 1,
      "target": 0
    },
    {
      "source": 0,
      "target": 2
    }
  ]
}