{
  "nodes": [
    {
      "type": "lambda",
      "index": 0,
      "weight": 2,
      "x": 208.61427315206294,
      "y": 99.9961293762778,
      "px": 208.61427315206294,
      "py": 99.9961293762778,
      "isCircle": true,
      "rectX": -20,
      "rectWidth": 40,
      "rightX": 208.61427315206294,
      "leftX": 208.61427315206294,
      "fixed": true
    },
    {
      "type": "property",
      "name": "xAxisG",
      "index": 1,
      "weight": 1,
      "x": 73.11775147099463,
      "y": 99.49264092260456,
      "px": 73.11775147099463,
      "py": 99.49264092260456,
      "isCircle": false,
      "rectX": -59.77777862548828,
      "rectWidth": 119.55555725097656,
      "textLength": 99.55555725097656,
      "leftX": 33.33997284550635,
      "rightX": 112.89553009648291,
      "fixed": true
    },
    {
      "type": "property",
      "name": "xAxisLabel",
      "index": 2,
      "weight": 1,
      "x": 345.89219277305995,
      "y": 100.0148825273223,
      "px": 345.89219277305995,
      "py": 100.0148825273223,
      "isCircle": false,
      "rectX": -84.66666412353516,
      "rectWidth": 169.3333282470703,
      "textLength": 149.3333282470703,
      "leftX": 281.2255286495248,
      "rightX": 410.5588568965951,
      "fixed": true
    }
  ],
  "links": [
    {
      "source": 1,
      "target": 0
    },
    {
      "source": 0,
      "target": 2
    }
  ]
}