{
  "nodes": [
    {
      "type": "lambda",
      "index": 0,
      "weight": 2,
      "x": 241.0978527525645,
      "y": 101.3143382267653,
      "px": 241.0978527525645,
      "py": 101.3143382267653,
      "isCircle": true,
      "rectX": -20,
      "rectWidth": 40,
      "rightX": 241.0978527525645,
      "leftX": 241.0978527525645,
      "fixed": true
    },
    {
      "type": "property",
      "name": "yAxisG",
      "index": 1,
      "weight": 1,
      "x": 104.73275083540359,
      "y": 99.77802374855831,
      "px": 104.73275083540359,
      "py": 99.77802374855831,
      "isCircle": false,
      "rectX": -59.77777862548828,
      "rectWidth": 119.55555725097656,
      "textLength": 99.55555725097656,
      "leftX": 64.95497220991531,
      "rightX": 144.51052946089186,
      "fixed": true
    },
    {
      "type": "property",
      "name": "yAxisLabel",
      "index": 2,
      "weight": 1,
      "x": 393.1265428454667,
      "y": 102.78321812997814,
      "px": 393.1265428454667,
      "py": 102.78321812997814,
      "isCircle": false,
      "rectX": -84.66666412353516,
      "rectWidth": 169.3333282470703,
      "textLength": 149.3333282470703,
      "leftX": 328.45987872193155,
      "rightX": 457.79320696900186,
      "fixed": true
    }
  ],
  "links": [
    {
      "source": 1,
      "target": 0
    },
    {
      "source": 0,
      "target": 2
    }
  ]
}