{
  "nodes": [
    {
      "type": "lambda",
      "index": 0,
      "weight": 2,
      "x": 241.0978527525645,
      "y": 101.3143382267653,
      "px": 241.0978527525645,
      "py": 101.3143382267653,
      "isCircle": true,
      "rectX": -20,
      "rectWidth": 40,
      "rightX": 241.0978527525645,
      "leftX": 241.0978527525645,
      "fixed": true
    },
    {
      "type": "property",
      "name": "yAxisG",
      "index": 1,
      "weight": 1,
      "x": 104.73275083540359,
      "y": 99.77802374855831,
      "px": 104.73275083540359,
      "py": 99.77802374855831,
      "isCircle": false,
      "rectX": -60.3703727722168,
      "rectWidth": 120.7407455444336,
      "textLength": 100.7407455444336,
      "leftX": 64.5994157218782,
      "rightX": 144.86608594892897,
      "fixed": true
    },
    {
      "type": "property",
      "name": "yAxisLabel",
      "index": 2,
      "weight": 1,
      "x": 393.1265428454667,
      "y": 102.78321812997814,
      "px": 393.1265428454667,
      "py": 102.78321812997814,
      "isCircle": false,
      "rectX": -85.85186004638672,
      "rectWidth": 171.70372009277344,
      "textLength": 151.70372009277344,
      "leftX": 327.7487581164628,
      "rightX": 458.5043275744706,
      "fixed": true
    }
  ],
  "links": [
    {
      "source": 1,
      "target": 0
    },
    {
      "source": 0,
      "target": 2
    }
  ]
}