{
  "nodes": [
    {
      "type": "lambda",
      "index": 0,
      "weight": 2,
      "x": 215.95148534346265,
      "y": 100.16032583679855,
      "px": 215.9499549605188,
      "py": 100.16032583679855,
      "isCircle": true,
      "rectX": -20,
      "rectWidth": 40,
      "rightX": 215.95148534346265,
      "leftX": 215.95148534346265,
      "fixed": true
    },
    {
      "type": "property",
      "name": "yAxisG",
      "index": 1,
      "weight": 1,
      "x": 79.88076668408557,
      "y": 103.11235510852778,
      "px": 79.88235161629709,
      "py": 103.11235510852778,
      "isCircle": false,
      "rectX": -59.77777862548828,
      "rectWidth": 119.55555725097656,
      "textLength": 99.55555725097656,
      "leftX": 40.10298805859729,
      "rightX": 119.65854530957387,
      "fixed": true
    },
    {
      "type": "property",
      "name": "yAxisLabel",
      "index": 2,
      "weight": 1,
      "x": 353.00915585454226,
      "y": 100.70994166798079,
      "px": 353.0091013052746,
      "py": 100.70994166798079,
      "isCircle": false,
      "rectX": -84.66666412353516,
      "rectWidth": 169.3333282470703,
      "textLength": 149.3333282470703,
      "leftX": 288.3424917310071,
      "rightX": 417.6758199780774,
      "fixed": true
    }
  ],
  "links": [
    {
      "source": 1,
      "target": 0
    },
    {
      "source": 0,
      "target": 2
    }
  ]
}