{
  "nodes": [
    {
      "type": "lambda",
      "index": 0,
      "weight": 2,
      "x": 91.00040191043612,
      "y": 117.52586453570031,
      "px": 91.26181441596786,
      "py": 117.52586453570031,
      "isCircle": true,
      "rectX": -20,
      "rectWidth": 40,
      "rightX": 90.39066288210999,
      "leftX": 90.39066288210999,
      "fixed": true
    },
    {
      "type": "property",
      "name": "yAxisG",
      "index": 1,
      "weight": 1,
      "x": -38.945518976740395,
      "y": 138.40769046963686,
      "px": -38.86871032097109,
      "py": 138.40769046963686,
      "isCircle": false,
      "rectX": -59.77777862548828,
      "rectWidth": 119.55555725097656,
      "textLength": 99.55555725097656,
      "leftX": -79.31393570272292,
      "rightX": 0.24162154825365434,
      "fixed": true
    },
    {
      "type": "property",
      "name": "yAxisLabel",
      "index": 2,
      "weight": 1,
      "x": 341.5367826344174,
      "y": 56.55809942585286,
      "px": 341.1985614731164,
      "py": 56.55809942585286,
      "isCircle": false,
      "rectX": -84.66666412353516,
      "rectWidth": 169.3333282470703,
      "textLength": 149.3333282470703,
      "leftX": 286.093171413512,
      "rightX": 415.4264996605823,
      "fixed": true
    }
  ],
  "links": [
    {
      "source": 1,
      "target": 0
    },
    {
      "source": 0,
      "target": 2
    }
  ]
}