{
  "nodes": [
    {
      "type": "lambda",
      "index": 0,
      "weight": 2,
      "x": 225.7808083474904,
      "y": 107.16893195600002,
      "px": 225.7808083474904,
      "py": 107.16893195600002,
      "isCircle": true,
      "rectX": -20,
      "rectWidth": 40,
      "rightX": 225.7808083474904,
      "leftX": 225.7808083474904,
      "fixed": true
    },
    {
      "type": "property",
      "name": "yAxisG",
      "index": 1,
      "weight": 1,
      "x": 89.02015004595455,
      "y": 109.41438308052457,
      "px": 89.4034328459778,
      "py": 109.56367683004754,
      "isCircle": false,
      "rectX": -59.77777862548828,
      "rectWidth": 119.55555725097656,
      "textLength": 99.55555725097656,
      "leftX": 49.24237142046627,
      "rightX": 128.79792867144283,
      "fixed": true
    },
    {
      "type": "property",
      "name": "yAxisLabel",
      "index": 2,
      "weight": 1,
      "x": 362.45865102673827,
      "y": 108.11412315032435,
      "px": 362.45139565828157,
      "py": 108.27092468710703,
      "isCircle": false,
      "rectX": -84.66666412353516,
      "rectWidth": 169.3333282470703,
      "textLength": 149.3333282470703,
      "leftX": 297.7919869032031,
      "rightX": 427.1253151502734,
      "fixed": true
    }
  ],
  "links": [
    {
      "source": 1,
      "target": 0
    },
    {
      "source": 0,
      "target": 2
    }
  ]
}